{
  "months": [
    "202404",
    "202405",
    "202406",
    "202407",
    "202408",
    "202409",
    "202410",
    "202411",
    "202412",
    "2025.01",
    "2025.02",
    "2025.03"
  ],
  "category_trend": {
    "综合支出": [
      0.0,
      0.0,
      0.0,
      0.0,
      0.0,
      0.0,
      0.0,
      0.0,
      0.0,
      0.0,
      0.0,
      0.0
    ],
    "0": [
      428878.04834291805,
      419885.6438282116,
      436852.2893817377,
      457925.36398490286,
      493141.6283890794,
      377168.7267496006,
      369406.0633927178,
      349618.9129147387,
      333838.24941522337,
      271709.3816749675,
      375702.89436161175,
      304563.7371168735
    ],
    "综合支出合计": [
      64397.8,
      62816.31,
      61357.8,
      62714.57,
      64958.39,
      60434.21,
      59341.85,
      57000.75,
      55262.29,
      30739.31,
      38211.21,
      36032.21
    ],
    "物料": [
      22871.175,
      28674.33,
      15775.079,
      21046.975,
      19609.88,
      21507.69,
      26013.33,
      22528.69,
      27782.09,
      21841.22,
      17795.67,
      17886.26
    ],
    "物料支出合计": [
      69156.985,
      74157.351,
      74818.134,
      77975.585,
      87630.55,
      59526.73,
      59334.3,
      54416.28,
      59904.97,
      52411.19,
      53938.41,
      48778.43
    ],
    "收银营业收入": [
      80020.33,
      84568.96,
      86686.29,
      97044.06,
      100203.38,
      74403.02,
      75683.1,
      68483.2,
      0.0,
      0.0,
      0.0,
      0.0
    ],
    "外卖平台营业收入": [
      51506.73,
      57163.0,
      52451.83,
      51726.74,
      56806.28,
      35496.81,
      32677.96,
      28862.66,
      40459.39,
      35128.13,
      31818.56,
      32438.2
    ],
    "综合营业收入": [
      122761.79,
      128783.81,
      125034.12,
      134676.37,
      144037.02,
      103210.7,
      103479.34,
      93352.04,
      99939.02,
      81678.72,
      102864.91,
      90815.3
    ],
    "利润盈亏": [
      -10792.995,
      -8189.851,
      -11141.814,
      -6013.78500000001,
      -8551.92000000001,
      -16750.24,
      -15196.81,
      -18064.99,
      -15228.24,
      -1471.78,
      10715.29,
      6004.66
    ],
    "物料占比": [
      0.0,
      0.0,
      0.0,
      0.0,
      0.0,
      0.0,
      0.0,
      0.0,
      0.0,
      0.0,
      0.0,
      0.0
    ],
    "本月损耗": [
      0.0,
      369.48,
      369.48,
      0.0,
      0.0,
      0.0,
      0.0,
      0.0,
      0.0,
      0.0,
      0.0,
      0.0
    ],
    "人员工资": [
      31951.0,
      30149.0,
      28888.0,
      29415.0,
      31775.0,
      28722.0,
      27653.0,
      25351.4,
      22861.8,
      19371.1,
      24690.0,
      22691.0
    ]
  },
  "monthly_summary": [
    {
      "month": "202404",
      "total": 828799.8633429181,
      "average": 29599.995119389932,
      "max": 124883.89
    },
    {
      "month": "202405",
      "total": 848229.0338282116,
      "average": 30293.894065293272,
      "max": 134183.81
    },
    {
      "month": "202406",
      "total": 842203.2083817376,
      "average": 30078.686013633484,
      "max": 130134.12
    },
    {
      "month": "202407",
      "total": 897095.8789849029,
      "average": 32039.1385351751,
      "max": 136176.37
    },
    {
      "month": "202408",
      "total": 957835.2083890793,
      "average": 34208.40029960997,
      "max": 146437.02
    },
    {
      "month": "202409",
      "total": 714997.6467496007,
      "average": 25535.630241057166,
      "max": 104810.7
    },
    {
      "month": "202410",
      "total": 710739.1333927178,
      "average": 25383.54047831135,
      "max": 104079.34
    },
    {
      "month": "202411",
      "total": 656197.5429147386,
      "average": 23435.626532669237,
      "max": 93652.04
    },
    {
      "month": "202412",
      "total": 601957.7694152234,
      "average": 21498.491764829407,
      "max": 99939.02
    },
    {
      "month": "2025.01",
      "total": 492036.17167496745,
      "average": 17572.720416963122,
      "max": 82178.72
    },
    {
      "month": "2025.02",
      "total": 631046.9443616116,
      "average": 22537.39087005756,
      "max": 106165.91
    },
    {
      "month": "2025.03",
      "total": 536518.7971168734,
      "average": 19161.38561131691,
      "max": 93273.3
    }
  ],
  "category_distribution": [
    {
      "category": "人员工资",
      "total": 323518.3
    },
    {
      "category": "综合支出",
      "total": 0.0
    },
    {
      "category": 0,
      "total": 4618690.939552582
    },
    {
      "category": "综合支出合计",
      "total": 653266.7
    },
    {
      "category": "物料",
      "total": 263332.389
    },
    {
      "category": "物料支出合计",
      "total": 772048.915
    },
    {
      "category": "收银营业收入",
      "total": 667092.3400000001
    },
    {
      "category": "外卖平台营业收入",
      "total": 506536.29000000004
    },
    {
      "category": "综合营业收入",
      "total": 1330633.14
    },
    {
      "category": "利润盈亏",
      "total": -94682.47500000003
    },
    {
      "category": "物料占比",
      "total": 0.0
    },
    {
      "category": "本月损耗",
      "total": 738.96
    }
  ],
  "store_performance": {},
  "growth_rate": [
    {
      "month": "202405",
      "growth_percent": 2.3442535821527546
    },
    {
      "month": "202406",
      "growth_percent": -0.7104007533529444
    },
    {
      "month": "202407",
      "growth_percent": 6.517746555328319
    },
    {
      "month": "202408",
      "growth_percent": 6.7706619578840606
    },
    {
      "month": "202409",
      "growth_percent": -25.35274956616925
    },
    {
      "month": "202410",
      "growth_percent": -0.5955982339581349
    },
    {
      "month": "202411",
      "growth_percent": -7.673925342709713
    },
    {
      "month": "202412",
      "growth_percent": -8.265769063777608
    },
    {
      "month": "2025.01",
      "growth_percent": -18.260682613506283
    },
    {
      "month": "2025.02",
      "growth_percent": 28.252145002557423
    },
    {
      "month": "2025.03",
      "growth_percent": -14.979574513329757
    }
  ]
}